{
	"info": {
		"_postman_id": "302235d5-4dcc-47b7-8526-bc69f6b2ee42",
		"name": "Sequent Scientific",
		"schema": "https://schema.getpostman.com/json/collection/v2.1.0/collection.json"
	},
	"item": [
		{
			"name": "Signpdf",
			"request": {
				"method": "POST",
				"header": [],
				"body": {
					"mode": "formdata",
					"formdata": [
						{
							"key": "pfxid",
							"value": "samco_sequent",
							"type": "text"
						},
						{
							"key": "pfxpwd",
							"value": "Tc%9pxL7pbT1+G+ZIu8=",
							"type": "text"
						},
						{
							"key": "timestamp",
							"value": "1003202211:20:35",
							"type": "text"
						},
						{
							"key": "checksum",
							"value": "204E09343438176E",
							"type": "text"
						},
						{
							"key": "uploadfile",
							"type": "file",
							"src": "/C:/Users/Green/OneDrive/Desktop/sample.pdf"
						},
						{
							"key": "signannotation",
							"value": "Approved by XYZ",
							"type": "text"
						},
						{
							"key": "signloc",
							"value": "1[100:20]",
							"type": "text"
						}
					]
				},
				"url": {
					"raw": "http://10.50.250.66:8084/ws/v1/signpdf",
					"protocol": "http",
					"host": [
						"10",
						"50",
						"250",
						"66"
					],
					"port": "8084",
					"path": [
						"ws",
						"v1",
						"signpdf"
					]
				}
			},
			"response": []
		}
	]
}