﻿<?xml version="1.0" encoding="utf-8"?>
<abapGit version="v1.0.0" serializer="LCL_OBJECT_MSAG" serializer_version="v1.0.0">
 <asx:abap xmlns:asx="http://www.sap.com/abapxml" version="1.0">
  <asx:values>
   <T100A>
    <ARBGB>ZCA_QR_GENERATOR</ARBGB>
    <MASTERLANG>E</MASTERLANG>
    <STEXT>QR Code Generator messages</STEXT>
   </T100A>
   <T100>
    <T100>
     <SPRSL>E</SPRSL>
     <ARBGB>ZCA_QR_GENERATOR</ARBGB>
     <MSGNR>000</MSGNR>
     <TEXT>General QR code generator exception</TEXT>
    </T100>
    <T100>
     <SPRSL>E</SPRSL>
     <ARBGB>ZCA_QR_GENERATOR</ARBGB>
     <MSGNR>001</MSGNR>
     <TEXT>Failed to instantiate HTTP client</TEXT>
    </T100>
    <T100>
     <SPRSL>E</SPRSL>
     <ARBGB>ZCA_QR_GENERATOR</ARBGB>
     <MSGNR>002</MSGNR>
     <TEXT>Failed to send request to API</TEXT>
    </T100>
    <T100>
     <SPRSL>E</SPRSL>
     <ARBGB>ZCA_QR_GENERATOR</ARBGB>
     <MSGNR>003</MSGNR>
     <TEXT>Failed to receive response from API</TEXT>
    </T100>
    <T100>
     <SPRSL>E</SPRSL>
     <ARBGB>ZCA_QR_GENERATOR</ARBGB>
     <MSGNR>004</MSGNR>
     <TEXT>Size limited to 1000px unless format EPS or SVG</TEXT>
    </T100>
    <T100>
     <SPRSL>E</SPRSL>
     <ARBGB>ZCA_QR_GENERATOR</ARBGB>
     <MSGNR>005</MSGNR>
     <TEXT>Illegal format</TEXT>
    </T100>
   </T100>
  </asx:values>
 </asx:abap>
</abapGit>
