﻿<?xml version="1.0" encoding="utf-8"?>
<abapGit version="v1.0.0" serializer="LCL_OBJECT_CLAS" serializer_version="v1.0.0">
 <asx:abap xmlns:asx="http://www.sap.com/abapxml" version="1.0">
  <asx:values>
   <VSEOCLASS>
    <CLSNAME>ZCL_QR_GENERATOR</CLSNAME>
    <VERSION>1</VERSION>
    <LANGU>E</LANGU>
    <DESCRIPT>QR Code Generator</DESCRIPT>
    <STATE>1</STATE>
    <CLSFINAL>X</CLSFINAL>
    <CLSCCINCL>X</CLSCCINCL>
    <FIXPT>X</FIXPT>
    <UNICODE>X</UNICODE>
   </VSEOCLASS>
   <DESCRIPTIONS>
    <SEOCOMPOTX>
     <CLSNAME>ZCL_QR_GENERATOR</CLSNAME>
     <CMPNAME>GC_FORMAT_EPS</CMPNAME>
     <LANGU>E</LANGU>
     <DESCRIPT>Format GIF</DESCRIPT>
    </SEOCOMPOTX>
    <SEOCOMPOTX>
     <CLSNAME>ZCL_QR_GENERATOR</CLSNAME>
     <CMPNAME>GC_FORMAT_GIF</CMPNAME>
     <LANGU>E</LANGU>
     <DESCRIPT>Format GIF</DESCRIPT>
    </SEOCOMPOTX>
    <SEOCOMPOTX>
     <CLSNAME>ZCL_QR_GENERATOR</CLSNAME>
     <CMPNAME>GC_FORMAT_JPEG</CMPNAME>
     <LANGU>E</LANGU>
     <DESCRIPT>Format JPEG</DESCRIPT>
    </SEOCOMPOTX>
    <SEOCOMPOTX>
     <CLSNAME>ZCL_QR_GENERATOR</CLSNAME>
     <CMPNAME>GC_FORMAT_JPG</CMPNAME>
     <LANGU>E</LANGU>
     <DESCRIPT>Format JPG</DESCRIPT>
    </SEOCOMPOTX>
    <SEOCOMPOTX>
     <CLSNAME>ZCL_QR_GENERATOR</CLSNAME>
     <CMPNAME>GC_FORMAT_PNG</CMPNAME>
     <LANGU>E</LANGU>
     <DESCRIPT>Format PNG</DESCRIPT>
    </SEOCOMPOTX>
    <SEOCOMPOTX>
     <CLSNAME>ZCL_QR_GENERATOR</CLSNAME>
     <CMPNAME>GC_FORMAT_SVG</CMPNAME>
     <LANGU>E</LANGU>
     <DESCRIPT>Format SVG</DESCRIPT>
    </SEOCOMPOTX>
    <SEOCOMPOTX>
     <CLSNAME>ZCL_QR_GENERATOR</CLSNAME>
     <CMPNAME>GET_INSTANCE</CMPNAME>
     <LANGU>E</LANGU>
     <DESCRIPT>Get QR code generator instance</DESCRIPT>
    </SEOCOMPOTX>
    <SEOCOMPOTX>
     <CLSNAME>ZCL_QR_GENERATOR</CLSNAME>
     <CMPNAME>GET_QR_CODE</CMPNAME>
     <LANGU>E</LANGU>
     <DESCRIPT>Get QR code</DESCRIPT>
    </SEOCOMPOTX>
    <SEOCOMPOTX>
     <CLSNAME>ZCL_QR_GENERATOR</CLSNAME>
     <CMPNAME>GO_INSTANCE</CMPNAME>
     <LANGU>E</LANGU>
     <DESCRIPT>QR Code generator instance</DESCRIPT>
    </SEOCOMPOTX>
    <SEOCOMPOTX>
     <CLSNAME>ZCL_QR_GENERATOR</CLSNAME>
     <CMPNAME>GV_DATA</CMPNAME>
     <LANGU>E</LANGU>
     <DESCRIPT>QR code data</DESCRIPT>
    </SEOCOMPOTX>
    <SEOCOMPOTX>
     <CLSNAME>ZCL_QR_GENERATOR</CLSNAME>
     <CMPNAME>GV_FORMAT</CMPNAME>
     <LANGU>E</LANGU>
     <DESCRIPT>Selected format</DESCRIPT>
    </SEOCOMPOTX>
    <SEOCOMPOTX>
     <CLSNAME>ZCL_QR_GENERATOR</CLSNAME>
     <CMPNAME>GV_SIZE</CMPNAME>
     <LANGU>E</LANGU>
     <DESCRIPT>Selected size</DESCRIPT>
    </SEOCOMPOTX>
    <SEOCOMPOTX>
     <CLSNAME>ZCL_QR_GENERATOR</CLSNAME>
     <CMPNAME>PREVIEW</CMPNAME>
     <LANGU>E</LANGU>
     <DESCRIPT>Preview QR code in popup</DESCRIPT>
    </SEOCOMPOTX>
    <SEOCOMPOTX>
     <CLSNAME>ZCL_QR_GENERATOR</CLSNAME>
     <CMPNAME>SET_DATA</CMPNAME>
     <LANGU>E</LANGU>
     <DESCRIPT>Set QR code data</DESCRIPT>
    </SEOCOMPOTX>
    <SEOCOMPOTX>
     <CLSNAME>ZCL_QR_GENERATOR</CLSNAME>
     <CMPNAME>SET_FORMAT</CMPNAME>
     <LANGU>E</LANGU>
     <DESCRIPT>Set QR code image format</DESCRIPT>
    </SEOCOMPOTX>
    <SEOCOMPOTX>
     <CLSNAME>ZCL_QR_GENERATOR</CLSNAME>
     <CMPNAME>SET_SIZE</CMPNAME>
     <LANGU>E</LANGU>
     <DESCRIPT>Set QR code size (pixels)</DESCRIPT>
    </SEOCOMPOTX>
   </DESCRIPTIONS>
  </asx:values>
 </asx:abap>
</abapGit>
